insert into book (id, title) values (1, 'Pierwsza książka');
insert into book (id, title) values (2, 'Druga książka');
insert into book (id, title) values (3, 'Trzecia książka');
insert into book (id, title) values (4, 'Roundhouse Kick');
insert into book (id, title) values (5, 'Me, Myself and I');
insert into book (id, title) values (6, 'Camino de Muerte');
insert into book (id, title) values (7, 'Korek');
insert into book (id, title) values (8, 'Berzdej party');
insert into book (id, title) values (9, 'Ewrybady pomarancze');
insert into book (id, title) values (10, 'Jak zrazac do siebie ludzi');
insert into book (id, title) values (11, 'OK puta lets go');
insert into book (id, title) values (12, 'Katapulty i kotlety');
insert into book (id, title) values (13, 'Sermaci');
insert into book (id, title) values (14, 'Man With Silver');

insert into author (id, first_name, last_name) values (1, 'Jan', 'Kowalski');
insert into author (id, first_name, last_name) values (2, 'Zbigniew', 'Nowak');
insert into author (id, first_name, last_name) values (3, 'Ralph', 'Wiley');
insert into author (id, first_name, last_name) values (4, 'Manuel', ' Terry');
insert into author (id, first_name, last_name) values (5, 'Leon', ' Powers');
insert into author (id, first_name, last_name) values (6, 'Glenn', ' Kennedy');
insert into author (id, first_name, last_name) values (7, 'Sven', 'Sigurdson');
insert into author (id, first_name, last_name) values (8, 'Alfredo', ' Villanueva');
insert into author (id, first_name, last_name) values (9, 'Maksymilian', ' Patoka');
insert into author (id, first_name, last_name) values (10, 'Felicjan', ' Supinski');
insert into author (id, first_name, last_name) values (11, 'Kasper', ' Bronowski');
insert into author (id, first_name, last_name) values (12, 'Henning', ' Jónmundursson');
insert into author (id, first_name, last_name) values (13, 'Trausti', ' Dagnýrsson');
insert into author (id, first_name, last_name) values (14, 'Hidalgo', ' Carballo');

insert into book_author(book_id, author_id) values (1, 1);
insert into book_author(book_id, author_id) values (2, 2);
insert into book_author(book_id, author_id) values (3, 3);
insert into book_author(book_id, author_id) values (4, 4);
insert into book_author(book_id, author_id) values (5, 5);
insert into book_author(book_id, author_id) values (6, 6);
insert into book_author(book_id, author_id) values (7, 7);
insert into book_author(book_id, author_id) values (8, 8);
insert into book_author(book_id, author_id) values (9, 9);
insert into book_author(book_id, author_id) values (10, 10);
insert into book_author(book_id, author_id) values (11, 11);
insert into book_author(book_id, author_id) values (12, 12);
insert into book_author(book_id, author_id) values (13, 13);
insert into book_author(book_id, author_id) values (14, 14);


